{
    "loss": 37.79206085205078,
    "accuracy": 0.5035971403121948
}