{
    "loss": 20.52094268798828,
    "accuracy": 0.6906474828720093
}